# Tackles,Sacks,Interceptions,Misc
# PID,TID,Season,Week,Solo,Ast,Tot,Sacks,Yds,Int,Yds,TD,FrcdFum,PassDef
PITNT0213,PIT,2001,3,1,0,1,0.0,0,0,0,0,0,0
PITNT0213,PIT,2001,4,0,1,1,0.0,0,0,0,0,0,0
PITNT0213,PIT,2001,6,1,1,2,0.0,0,0,0,0,0,0
PITNT0213,PIT,2001,7,1,1,2,0.0,0,0,0,0,0,0
PITNT0213,PIT,2001,8,1,0,1,0.0,0,0,0,0,0,0
PITNT0213,PIT,2001,9,2,2,4,1.0,6,0,0,0,0,0
PITNT0213,PIT,2001,10,2,0,2,0.0,0,0,0,0,0,0
PITNT0213,PIT,2001,12,0,1,1,0.0,0,0,0,0,0,0
PITNT0213,PIT,2001,14,2,0,2,0.0,0,0,0,0,0,0
PITNT0213,PIT,2001,15,0,4,4,0.0,0,0,0,0,0,0
PITNT0213,PIT,2001,16,0,2,2,0.0,0,0,0,0,0,0
PITNT0213,PIT,2001,17,0,1,1,0.0,0,0,0,0,0,0
BALNT0108,BAL,2002,1,1,0,1,0.0,0,0,0,0,0,0
PITNT0213,PIT,2002,1,2,1,3,0.0,0,0,0,0,0,0
BALNT0108,BAL,2002,2,1,0,1,0.0,0,0,0,0,0,0
PITNT0213,PIT,2002,2,1,0,1,0.0,0,0,0,0,0,0
PITNT0213,PIT,2002,4,2,4,6,0.0,0,0,0,0,0,0
PITNT0213,PIT,2002,5,4,1,5,0.0,0,0,0,0,0,0
BALNT0108,BAL,2002,6,2,0,2,1.0,4,0,0,0,0,0
PITNT0213,PIT,2002,7,0,4,4,0.0,0,0,0,0,0,0
BALNT0108,BAL,2002,8,2,1,3,0.0,0,0,0,0,0,0
BALNT0108,BAL,2002,9,1,0,1,0.0,0,0,0,0,0,0
PITNT0213,PIT,2002,9,1,0,1,0.0,0,0,0,0,0,0
BALNT0108,BAL,2002,10,0,1,1,0.0,0,0,0,0,0,0
PITNT0213,PIT,2002,10,2,1,3,0.0,0,0,0,0,0,0
BALNT0108,BAL,2002,11,1,1,2,0.0,0,0,0,0,0,0
PITNT0213,PIT,2002,11,1,1,2,0.0,0,0,0,0,0,0
BALNT0108,BAL,2002,12,0,1,1,0.0,0,0,0,0,0,0
PITNT0213,PIT,2002,12,2,1,3,0.0,0,0,0,0,0,0
PITNT0213,PIT,2002,13,2,1,3,0.0,0,0,0,0,0,0
PITNT0213,PIT,2002,14,2,1,3,0.0,0,0,0,0,0,0
BALNT0108,BAL,2002,15,1,0,1,0.0,0,0,0,0,0,0
PITNT0213,PIT,2002,15,2,1,3,1.0,8,0,0,0,0,0
PITNT0213,PIT,2002,16,3,0,3,1.0,5,0,0,0,2,0
BALNT0108,BAL,2002,17,2,0,2,1.0,2,0,0,0,0,0
PITNT0213,PIT,2002,17,0,1,1,0.0,0,0,0,0,0,0
PITNT0213,PIT,2003,1,2,1,3,0.0,0,0,0,0,0,0
BALNT0108,BAL,2003,2,0,1,1,0.0,0,0,0,0,0,0
PITNT0213,PIT,2003,2,3,0,3,1.0,1,0,0,0,0,0
PITNT0213,PIT,2003,3,1,0,1,0.0,0,0,0,0,0,0
PITNT0213,PIT,2003,4,2,1,3,0.0,0,0,0,0,0,0
PITNT0213,PIT,2003,5,1,0,1,0.0,0,0,0,0,0,0
PITNT0213,PIT,2003,6,2,1,3,0.0,0,0,0,0,0,1
PITNT0213,PIT,2003,8,1,0,1,0.0,0,0,0,0,0,0
BALNT0108,BAL,2003,9,1,0,1,0.0,0,0,0,0,0,0
PITNT0213,PIT,2003,9,3,0,3,0.0,0,0,0,0,0,0
PITNT0213,PIT,2003,10,3,1,4,0.0,0,0,0,0,0,0
BALNT0108,BAL,2003,11,2,0,2,0.0,0,0,0,0,0,0
PITNT0213,PIT,2003,11,2,2,4,0.0,0,0,0,0,0,0
PITNT0213,PIT,2003,12,2,0,2,0.0,0,0,0,0,0,0
BALNT0108,BAL,2003,13,1,0,1,0.0,0,0,0,0,0,0
PITNT0213,PIT,2003,13,0,3,3,0.0,0,0,0,0,0,0
BALNT0108,BAL,2003,14,0,1,1,0.0,0,0,0,0,0,0
PITNT0213,PIT,2003,15,3,1,4,0.0,0,0,0,0,0,0
BALNT0108,BAL,2003,16,4,0,4,1.0,7,0,0,0,0,0
PITNT0213,PIT,2003,16,0,2,2,0.0,0,0,0,0,0,0
BALNT0108,BAL,2003,17,0,0,0,0.0,0,0,0,0,0,1
PITNT0213,PIT,2003,17,2,0,2,0.0,0,0,0,0,0,1
BALNT0108,BAL,2004,1,0,1,1,0.0,0,0,0,0,0,0
PITNT0213,PIT,2004,1,1,1,2,0.0,0,0,0,0,0,0
BALNT0108,BAL,2004,2,1,0,1,0.0,0,0,0,0,0,0
PITNT0213,PIT,2004,2,3,2,5,0.0,0,0,0,0,0,0
BALNT0108,BAL,2004,3,2,2,4,0.0,0,0,0,0,0,0
PITNT0213,PIT,2004,3,1,2,3,0.0,0,0,0,0,0,0
BALNT0108,BAL,2004,4,2,0,2,0.0,0,0,0,0,0,0
PITNT0213,PIT,2004,4,2,0,2,0.0,0,0,0,0,0,0
PITNT0213,PIT,2004,5,0,2,2,0.0,0,0,0,0,0,0
PITNT0213,PIT,2004,6,1,0,1,0.0,0,0,0,0,0,0
BALNT0108,BAL,2004,7,0,1,1,0.0,0,0,0,0,0,0
BALNT0108,BAL,2004,9,2,0,2,0.0,0,0,0,0,0,0
PITNT0180,PIT,2004,9,0,1,1,0.0,0,0,0,0,0,0
BALNT0108,BAL,2004,10,1,1,2,0.0,0,0,0,0,0,0
PITNT0180,PIT,2004,10,3,1,4,1.0,6,0,0,0,0,0
BALNT0108,BAL,2004,11,3,0,3,0.0,0,0,0,0,0,0
PITNT0180,PIT,2004,11,1,1,2,0.0,0,0,0,0,0,0
BALNT0108,BAL,2004,12,2,0,2,0.0,0,0,0,0,0,0
PITNT0180,PIT,2004,12,1,2,3,0.0,0,0,0,0,0,0
BALNT0108,BAL,2004,13,4,0,4,0.0,0,0,0,0,0,0
PITNT0180,PIT,2004,13,3,2,5,0.0,0,0,0,0,0,0
PITNT0180,PIT,2004,14,2,2,4,0.0,0,0,0,0,0,0
PITNT0180,PIT,2004,15,1,1,2,0.0,0,0,0,0,0,0
BALNT0108,BAL,2004,16,2,2,4,0.0,0,0,0,0,0,0
PITNT0180,PIT,2004,16,2,1,3,0.0,0,0,0,0,0,0
BALNT0108,BAL,2004,17,0,1,1,0.0,0,0,0,0,0,0
HOUNT0083,DET,2005,1,1,0,1,0.0,0,0,0,0,0,0
BALNT0108,BAL,2005,1,0,1,1,0.0,0,0,0,0,0,0
PITNT0180,PIT,2005,1,1,1,2,0.0,0,0,0,0,0,0
PITNT0213,PIT,2005,1,1,0,1,0.0,0,0,0,0,0,0
BALNT0108,BAL,2005,2,2,0,2,0.0,0,0,0,0,0,0
PITNT0213,PIT,2005,2,3,0,3,0.0,0,0,0,0,0,0
PITNT0213,PIT,2005,3,1,3,4,0.0,0,0,0,0,0,0
HOUNT0083,DET,2005,4,0,1,1,0.0,0,0,0,0,0,0
BALNT0108,BAL,2005,4,1,1,2,0.0,0,0,0,0,0,0
HOUNT0083,DET,2005,5,0,1,1,0.0,0,0,0,0,0,0
BALNT0108,BAL,2005,5,1,0,1,0.0,0,0,0,0,0,0
PITNT0213,PIT,2005,5,1,2,3,0.0,0,0,0,0,0,0
HOUNT0083,DET,2005,6,1,2,3,1.5,15,0,0,0,0,0
BALNT0108,BAL,2005,6,2,0,2,0.0,0,0,0,0,0,0
PITNT0213,PIT,2005,6,2,2,4,0.0,0,0,0,0,0,0
HOUNT0083,DET,2005,7,1,1,2,0.0,0,0,0,0,0,0
BALNT0108,BAL,2005,7,2,0,2,0.0,0,0,0,0,0,0
PITNT0213,PIT,2005,7,2,1,3,0.0,0,0,0,0,0,0
HOUNT0083,DET,2005,8,4,0,4,0.0,0,0,0,0,1,0
BALNT0108,BAL,2005,8,1,3,4,0.0,0,0,0,0,0,0
PITNT0180,PIT,2005,8,0,1,1,0.0,0,0,0,0,0,0
PITNT0213,PIT,2005,8,3,2,5,0.0,0,0,0,0,0,0
HOUNT0083,DET,2005,9,4,1,5,0.0,0,0,0,0,0,0
BALNT0108,BAL,2005,9,2,1,3,0.0,0,0,0,0,0,0
PITNT0180,PIT,2005,9,1,1,2,0.0,0,0,0,0,0,0
PITNT0213,PIT,2005,9,2,1,3,0.0,0,0,0,0,0,0
HOUNT0083,DET,2005,10,0,2,2,0.0,0,0,0,0,0,0
BALNT0108,BAL,2005,10,2,1,3,0.0,0,0,0,0,0,0
PITNT0213,PIT,2005,10,3,0,3,0.0,0,0,0,0,0,0
HOUNT0083,DET,2005,11,2,0,2,0.0,0,0,0,0,0,0
BALNT0108,BAL,2005,11,1,0,1,0.0,0,0,0,0,0,0
PITNT0180,PIT,2005,11,1,0,1,0.0,0,0,0,0,0,0
PITNT0213,PIT,2005,11,3,0,3,0.0,0,0,0,0,0,0
HOUNT0083,DET,2005,12,2,2,4,0.0,0,0,0,0,0,0
PITNT0213,PIT,2005,12,1,2,3,0.0,0,0,0,0,0,0
HOUNT0083,DET,2005,13,0,1,1,0.0,0,0,0,0,0,0
BALNT0108,BAL,2005,13,5,2,7,0.0,0,0,0,0,0,0
PITNT0213,PIT,2005,13,1,2,3,0.0,0,0,0,0,0,0
BALNT0108,BAL,2005,14,5,0,5,0.0,0,0,0,0,0,0
HOUNT0083,DET,2005,15,1,0,1,0.0,0,0,0,0,0,0
BALNT0108,BAL,2005,15,2,0,2,0.0,0,0,0,0,0,0
PITNT0213,PIT,2005,15,0,1,1,0.0,0,0,0,0,0,0
HOUNT0083,DET,2005,16,1,0,1,0.0,0,0,0,0,0,0
BALNT0108,BAL,2005,16,1,0,1,0.0,0,0,0,0,0,0
PITNT0213,PIT,2005,16,1,0,1,0.0,0,0,0,0,0,0
BALNT0108,BAL,2005,17,3,1,4,1.0,2,0,0,0,0,0
PITNT0213,PIT,2005,17,1,1,2,0.0,0,0,0,0,0,0
WASNT0089,NYG,2006,1,3,0,3,0.0,0,0,0,0,0,0
NORNT0031,PHI,2006,1,3,0,3,0.0,0,0,0,0,0,0
BALNT0108,CAR,2006,1,2,0,2,0.0,0,0,0,0,0,0
PITNT0213,PIT,2006,1,2,0,2,0.0,0,0,0,0,0,0
WASNT0089,NYG,2006,2,1,0,1,0.0,0,0,0,0,0,1
HOUNT0083,DET,2006,2,4,1,5,0.0,0,0,0,0,0,0
BALNT0108,CAR,2006,2,1,0,1,0.0,0,0,0,0,0,0
PITNT0180,PIT,2006,2,2,0,2,0.0,0,0,0,0,0,0
PITNT0213,PIT,2006,2,2,0,2,0.0,0,0,0,0,0,0
NORNT0031,PHI,2006,3,1,0,1,0.0,0,0,0,0,0,0
WASNT0089,NYG,2006,3,3,1,4,0.0,0,0,0,0,0,0
HOUNT0083,DET,2006,3,2,1,3,0.0,0,0,0,0,0,0
BALNT0108,CAR,2006,3,3,0,3,0.0,0,0,0,0,0,0
PITNT0180,PIT,2006,3,1,0,1,0.0,0,0,0,0,0,0
PITNT0213,PIT,2006,3,2,2,4,0.0,0,0,0,0,0,0
NORNT0031,PHI,2006,4,1,0,1,0.0,0,0,0,0,0,0
HOUNT0083,DET,2006,4,1,2,3,0.0,0,0,0,0,0,0
BALNT0108,CAR,2006,4,1,1,2,0.0,0,0,0,0,0,0
WASNT0089,NYG,2006,5,1,1,2,0.0,0,0,0,0,0,1
NORNT0031,PHI,2006,5,0,1,1,0.0,0,0,0,0,0,0
BALNT0108,CAR,2006,5,1,1,2,0.0,0,0,0,0,0,0
PITNT0180,PIT,2006,5,1,0,1,0.0,0,0,0,0,0,0
PITNT0213,PIT,2006,5,3,0,3,0.0,0,0,0,0,0,0
WASNT0089,NYG,2006,6,5,1,6,1.5,14,0,0,0,0,0
BALNT0108,CAR,2006,6,1,1,2,0.0,0,0,0,0,0,0
PITNT0180,PIT,2006,6,0,1,1,0.0,0,0,0,0,0,0
PITNT0213,PIT,2006,6,1,0,1,0.0,0,0,0,0,0,0
WASNT0089,NYG,2006,7,1,0,1,0.0,0,0,0,0,0,0
BALNT0108,CAR,2006,7,2,0,2,0.0,0,0,0,0,0,0
PITNT0180,PIT,2006,7,1,0,1,0.0,0,0,0,0,0,0
PITNT0213,PIT,2006,7,1,0,1,0.0,0,0,0,0,0,0
WASNT0089,NYG,2006,8,0,1,1,0.0,0,0,0,0,0,1
NORNT0031,PHI,2006,8,0,1,1,0.0,0,0,0,0,0,0
BALNT0108,CAR,2006,8,4,0,4,0.0,0,0,0,0,0,1
PITNT0180,PIT,2006,8,2,0,2,0.0,0,0,0,0,0,0
WASNT0089,NYG,2006,9,3,2,5,0.0,0,0,0,0,0,0
PITNT0213,PIT,2006,9,1,1,2,0.0,0,0,0,0,0,0
WASNT0089,NYG,2006,10,3,2,5,0.0,0,0,0,0,0,0
BALNT0108,CAR,2006,10,2,0,2,0.0,0,0,0,0,0,0
PITNT0180,PIT,2006,10,1,0,1,0.0,0,0,0,0,0,0
PITNT0213,PIT,2006,10,1,5,6,0.0,0,0,0,0,0,1
WASNT0089,NYG,2006,11,4,0,4,0.0,0,0,0,0,0,0
PITNT0213,PIT,2006,11,3,2,5,0.0,0,0,0,0,1,0
WASNT0089,NYG,2006,12,2,2,4,0.0,0,0,0,0,0,0
BALNT0108,CAR,2006,12,2,2,4,0.0,0,0,0,0,0,0
PITNT0180,PIT,2006,12,1,1,2,0.0,0,0,0,0,0,0
PITNT0213,PIT,2006,12,1,3,4,0.0,0,0,0,0,0,0
WASNT0089,NYG,2006,13,2,0,2,0.0,0,0,0,0,0,0
BALNT0108,CAR,2006,13,1,1,2,0.0,0,0,0,0,0,0
PITNT0213,PIT,2006,13,2,0,2,0.0,0,0,0,0,0,0
BALNT0108,CAR,2006,14,3,1,4,0.0,0,0,0,0,0,0
PITNT0213,PIT,2006,14,1,0,1,0.0,0,0,0,0,0,0
WASNT0089,NYG,2006,15,2,0,2,0.0,0,0,0,0,0,0
BALNT0108,CAR,2006,15,2,1,3,0.0,0,0,0,0,0,0
WASNT0089,NYG,2006,16,1,1,2,0.0,0,0,0,0,0,0
BALNT0108,CAR,2006,16,1,0,1,0.0,0,0,0,0,0,0
PITNT0180,PIT,2006,16,0,1,1,0.0,0,0,0,0,0,0
PITNT0213,PIT,2006,16,3,1,4,0.0,0,0,0,0,0,0
BALNT0083,SDG,2006,17,2,0,2,0.0,0,0,0,0,0,1
WASNT0089,NYG,2006,17,1,1,2,0.0,0,0,0,0,0,0
NORNT0031,PHI,2006,17,1,1,2,0.0,0,0,0,0,0,0
PITNT0213,PIT,2006,17,3,1,4,0.0,0,0,0,0,0,0
WASNT0089,NYG,2007,1,0,1,1,0.0,0,0,0,0,0,0
NORNT0031,PHI,2007,1,0,1,1,0.0,0,0,0,0,0,0
HOUNT0083,DET,2007,1,3,0,3,0.0,0,0,0,0,0,0
BALNT0108,CAR,2007,1,2,0,2,0.0,0,0,0,0,0,1
PITNT0180,PIT,2007,1,1,1,2,0.5,3,0,0,0,0,0
WASNT0089,NYG,2007,2,1,0,1,0.0,0,0,0,0,0,0
NORNT0031,PHI,2007,2,1,0,1,0.0,0,0,0,0,0,0
HOUNT0083,DET,2007,2,2,0,2,0.0,0,1,-2,0,0,1
BALNT0108,CAR,2007,2,3,0,3,0.0,0,0,0,0,0,0
PITNT0213,PIT,2007,2,1,2,3,0.0,0,0,0,0,0,0
WASNT0089,NYG,2007,3,2,0,2,0.0,0,0,0,0,0,0
BALNT0083,SDG,2007,3,1,1,2,0.0,0,0,0,0,0,0
NORNT0031,PHI,2007,3,4,0,4,2.0,12,0,0,0,0,0
HOUNT0083,DET,2007,3,2,0,2,0.0,0,0,0,0,0,0
BALNT0108,CAR,2007,3,1,0,1,0.0,0,0,0,0,0,0
PITNT0213,PIT,2007,3,2,1,3,0.0,0,0,0,0,0,0
WASNT0089,NYG,2007,4,1,0,1,0.0,0,0,0,0,0,0
NORNT0031,PHI,2007,4,2,0,2,0.0,0,0,0,0,0,0
HOUNT0083,DET,2007,4,1,0,1,0.0,0,0,0,0,0,0
BALNT0108,CAR,2007,4,4,1,5,0.0,0,0,0,0,0,2
PITNT0180,PIT,2007,4,1,0,1,0.0,0,0,0,0,0,0
BALNT0083,SDG,2007,5,1,0,1,0.0,0,0,0,0,0,0
WASNT0089,NYG,2007,5,2,0,2,0.0,0,0,0,0,0,0
HOUNT0083,DET,2007,5,0,1,1,0.0,0,0,0,0,0,0
BALNT0108,CAR,2007,5,0,1,1,0.0,0,0,0,0,0,0
PITNT0180,PIT,2007,5,0,1,1,0.0,0,0,0,0,0,0
BALNT0083,SDG,2007,6,2,1,3,0.0,0,0,0,0,0,0
WASNT0089,NYG,2007,6,1,1,2,0.0,0,0,0,0,0,1
NORNT0031,PHI,2007,6,1,1,2,0.0,0,0,0,0,0,0
BALNT0108,CAR,2007,6,3,0,3,0.0,0,0,0,0,0,0
WASNT0089,NYG,2007,7,0,1,1,0.0,0,0,0,0,0,0
NORNT0031,PHI,2007,7,0,1,1,0.0,0,0,0,0,0,0
PITNT0180,PIT,2007,7,1,0,1,0.0,0,0,0,0,0,0
PITNT0213,PIT,2007,7,0,3,3,0.0,0,0,0,0,0,0
BALNT0083,SDG,2007,8,2,1,3,0.0,0,0,0,0,0,0
WASNT0089,NYG,2007,8,1,0,1,0.0,0,0,0,0,0,0
NORNT0031,PHI,2007,8,2,1,3,0.0,0,0,0,0,0,0
BALNT0108,CAR,2007,8,4,1,5,0.0,0,0,0,0,0,0
PITNT0213,PIT,2007,8,0,1,1,0.0,0,0,0,0,0,0
NORNT0031,PHI,2007,9,3,0,3,0.0,0,0,0,0,0,0
HOUNT0083,DET,2007,9,1,0,1,0.0,0,0,0,0,0,0
BALNT0108,CAR,2007,9,2,0,2,0.0,0,0,0,0,0,0
PITNT0213,PIT,2007,9,1,2,3,0.0,0,0,0,0,0,0
WASNT0089,NYG,2007,10,4,0,4,0.0,0,0,0,0,0,0
NORNT0031,PHI,2007,10,2,2,4,0.0,0,0,0,0,0,0
HOUNT0083,DET,2007,10,1,0,1,0.0,0,0,0,0,0,0
BALNT0108,CAR,2007,10,4,0,4,0.0,0,0,0,0,0,0
PITNT0213,PIT,2007,10,1,0,1,0.0,0,0,0,0,0,0
BALNT0083,SDG,2007,11,1,0,1,0.0,0,0,0,0,0,0
NORNT0031,PHI,2007,11,1,0,1,0.0,0,0,0,0,0,0
HOUNT0083,DET,2007,11,0,1,1,0.0,0,0,0,0,0,0
BALNT0108,CAR,2007,11,3,0,3,0.0,0,0,0,0,0,0
PITNT0213,PIT,2007,11,2,0,2,0.0,0,0,0,0,0,0
BALNT0083,SDG,2007,12,1,0,1,0.0,0,0,0,0,0,1
WASNT0089,NYG,2007,12,3,1,4,0.0,0,0,0,0,0,0
NORNT0031,PHI,2007,12,3,1,4,0.0,0,0,0,0,0,0
BALNT0108,CAR,2007,12,3,1,4,0.0,0,0,0,0,0,0
PITNT0213,PIT,2007,12,1,0,1,0.0,0,0,0,0,0,0
WASNT0089,NYG,2007,13,4,1,5,0.0,0,0,0,0,0,0
HOUNT0083,DET,2007,13,1,1,2,0.0,0,0,0,0,0,0
BALNT0108,CAR,2007,13,2,0,2,0.0,0,0,0,0,0,0
BALNT0083,SDG,2007,14,3,3,6,0.0,0,0,0,0,0,0
WASNT0089,NYG,2007,14,2,0,2,1.0,7,0,0,0,0,0
NORNT0031,PHI,2007,14,1,0,1,0.0,0,0,0,0,0,0
BALNT0108,CAR,2007,14,1,1,2,0.0,0,0,0,0,0,0
PITNT0213,PIT,2007,14,1,1,2,0.0,0,0,0,0,0,0
WASNT0089,NYG,2007,15,5,0,5,0.0,0,0,0,0,0,0
BALNT0083,SDG,2007,15,2,0,2,0.0,0,0,0,0,0,0
NORNT0031,PHI,2007,15,1,0,1,1.0,8,0,0,0,0,0
HOUNT0083,DET,2007,15,1,0,1,0.0,0,0,0,0,0,0
PITNT0180,PIT,2007,15,1,0,1,0.0,0,0,0,0,0,0
BALNT0108,CAR,2007,15,3,0,3,0.0,0,0,0,0,0,0
PITNT0213,PIT,2007,15,4,4,8,0.0,0,0,0,0,0,0
BALNT0083,SDG,2007,16,1,0,1,0.0,0,0,0,0,0,0
NORNT0031,PHI,2007,16,3,0,3,0.0,0,0,0,0,0,0
BALNT0108,CAR,2007,16,2,1,3,0.0,0,0,0,0,0,0
PITNT0213,PIT,2007,16,1,1,2,0.5,5,0,0,0,0,0
WASNT0089,NYG,2007,17,3,0,3,0.0,0,0,0,0,0,0
BALNT0083,SDG,2007,17,1,0,1,0.0,0,0,0,0,0,0
NORNT0031,PHI,2007,17,1,0,1,0.0,0,0,0,0,0,0
HOUNT0083,DET,2007,17,1,0,1,0.0,0,0,0,0,0,0
BALNT0108,CAR,2007,17,4,0,4,0.0,0,0,0,0,0,0
PITNT0213,PIT,2007,17,3,1,4,0.0,0,0,0,0,0,0
NORNT0031,PHI,2008,1,0,1,1,0.0,0,0,0,0,0,0
HOUNT0083,DET,2008,1,2,0,2,0.0,0,0,0,0,0,0
BALNT0108,CAR,2008,1,3,1,4,0.0,0,0,0,0,0,0
PITNT0213,PIT,2008,1,0,2,2,0.0,0,0,0,0,0,0
WASNT0089,NYG,2008,2,3,0,3,0.0,0,0,0,0,0,0
NORNT0031,PHI,2008,2,3,1,4,0.0,0,0,0,0,0,0
HOUNT0083,DET,2008,2,1,1,2,0.0,0,0,0,0,0,0
BALNT0108,CAR,2008,2,1,0,1,0.0,0,0,0,0,0,0
PITNT0213,PIT,2008,2,1,0,1,0.0,0,0,0,0,0,0
WASNT0089,NYG,2008,3,3,1,4,1.0,6,0,0,0,0,1
NORNT0031,PHI,2008,3,1,0,1,1.0,0,0,0,0,0,0
HOUNT0083,DET,2008,3,1,0,1,0.0,0,0,0,0,0,0
BALNT0108,CAR,2008,3,1,1,2,0.0,0,0,0,0,0,0
PITNT0180,PIT,2008,3,1,0,1,0.0,0,0,0,0,0,0
NORNT0031,PHI,2008,4,3,0,3,0.0,0,0,0,0,0,0
BALNT0108,CAR,2008,4,3,0,3,0.0,0,0,0,0,0,0
PITNT0180,PIT,2008,4,2,0,2,0.0,0,0,0,0,0,0
WASNT0089,NYG,2008,5,5,2,7,0.0,0,0,0,0,0,0
NORNT0031,PHI,2008,5,3,1,4,0.0,0,0,0,0,0,0
HOUNT0083,DET,2008,5,3,1,4,0.0,0,0,0,0,0,0
BALNT0108,CAR,2008,5,1,0,1,0.0,0,0,0,0,0,1
PITNT0180,PIT,2008,5,1,0,1,0.0,0,0,0,0,0,0
BALNT0083,BAL,2008,6,1,0,1,0.0,0,0,0,0,0,0
WASNT0089,NYG,2008,6,3,0,3,0.0,0,0,0,0,0,0
NORNT0031,PHI,2008,6,1,0,1,0.0,0,0,0,0,0,0
HOUNT0083,DET,2008,6,2,3,5,0.0,0,0,0,0,0,1
BALNT0108,CAR,2008,6,2,2,4,0.0,0,0,0,0,0,0
BALNT0083,BAL,2008,7,1,1,2,0.0,0,0,0,0,0,0
WASNT0089,NYG,2008,7,1,1,2,1.0,1,0,0,0,0,0
HOUNT0083,DET,2008,7,5,0,5,0.0,0,0,0,0,0,0
PITNT0180,PIT,2008,7,3,0,3,0.0,0,0,0,0,0,0
WASNT0089,NYG,2008,8,1,0,1,0.0,0,0,0,0,0,0
BALNT0083,BAL,2008,8,1,0,1,0.0,0,0,0,0,0,0
NORNT0031,PHI,2008,8,2,1,3,0.0,0,0,0,0,0,0
HOUNT0083,DET,2008,8,2,0,2,0.0,0,0,0,0,0,0
BALNT0108,CAR,2008,8,1,0,1,0.0,0,0,0,0,1,0
PITNT0213,PIT,2008,8,5,1,6,0.0,0,0,0,0,0,0
WASNT0089,NYG,2008,9,4,1,5,0.0,0,0,0,0,0,0
NORNT0031,PHI,2008,9,2,1,3,0.0,0,0,0,0,0,0
HOUNT0083,DET,2008,9,1,0,1,0.0,0,0,0,0,0,0
PITNT0180,PIT,2008,9,1,0,1,0.0,0,0,0,0,0,0
PITNT0213,PIT,2008,9,2,0,2,0.0,0,0,0,0,0,0
BALNT0083,BAL,2008,10,1,0,1,0.0,0,0,0,0,0,0
NORNT0031,PHI,2008,10,6,1,7,0.0,0,0,0,0,0,0
BALNT0108,CAR,2008,10,3,1,4,0.0,0,0,0,0,0,1
PITNT0180,PIT,2008,10,0,2,2,0.0,0,0,0,0,0,0
WASNT0089,NYG,2008,11,5,1,6,0.0,0,0,0,0,0,0
NORNT0031,PHI,2008,11,3,3,6,1.0,1,0,0,0,0,1
HOUNT0083,DET,2008,11,1,0,1,0.0,0,0,0,0,0,0
BALNT0108,CAR,2008,11,5,0,5,0.0,0,0,0,0,0,0
NORNT0031,PHI,2008,12,3,0,3,0.0,0,0,0,0,0,0
HOUNT0083,DET,2008,12,2,0,2,0.0,0,0,0,0,0,0
BALNT0108,CAR,2008,12,4,0,4,0.0,0,0,0,0,0,0
PITNT0180,PIT,2008,12,0,1,1,0.0,0,0,0,0,0,0
PITNT0213,PIT,2008,12,0,2,2,0.0,0,0,0,0,0,0
WASNT0089,NYG,2008,13,3,1,4,1.0,7,0,0,0,1,0
BALNT0083,BAL,2008,13,1,1,2,0.0,0,0,0,0,0,0
HOUNT0083,DET,2008,13,1,2,3,0.0,0,0,0,0,0,1
BALNT0108,CAR,2008,13,3,0,3,0.0,0,0,0,0,0,0
PITNT0180,PIT,2008,13,4,0,4,0.0,0,0,0,0,0,0
PITNT0213,PIT,2008,13,2,0,2,1.0,6,0,0,0,0,0
WASNT0089,NYG,2008,14,2,2,4,0.0,0,0,0,0,0,0
BALNT0083,BAL,2008,14,1,0,1,0.0,0,0,0,0,0,0
NORNT0031,PHI,2008,14,3,0,3,0.0,0,0,0,0,0,0
HOUNT0083,DET,2008,14,1,4,5,0.0,0,0,0,0,0,1
BALNT0108,CAR,2008,14,3,0,3,0.0,0,0,0,0,0,0
PITNT0213,PIT,2008,14,1,2,3,0.0,0,0,0,0,0,1
WASNT0089,NYG,2008,15,1,0,1,0.0,0,0,0,0,0,0
NORNT0031,PHI,2008,15,1,1,2,0.0,0,0,0,0,0,0
BALNT0108,CAR,2008,15,1,0,1,0.0,0,0,0,0,0,0
PITNT0213,PIT,2008,15,2,1,3,0.0,0,0,0,0,0,0
WASNT0089,NYG,2008,16,1,3,4,0.0,0,0,0,0,0,0
NORNT0031,PHI,2008,16,2,2,4,0.0,0,0,0,0,0,1
BALNT0083,BAL,2008,17,3,0,3,0.0,0,0,0,0,0,0
NORNT0031,PHI,2008,17,1,1,2,0.0,0,0,0,0,0,0
HOUNT0083,DET,2008,17,4,0,4,0.0,0,0,0,0,0,0
PITNT0180,PIT,2008,17,0,1,1,0.5,2,0,0,0,0,0
PITNT0213,PIT,2008,17,0,1,1,0.0,0,0,0,0,0,0
WASNT0089,NYG,2009,1,1,1,2,0.0,0,0,0,0,0,0
NORNT0031,PHI,2009,1,1,1,2,0.0,0,0,0,0,0,0
HOUNT0083,HOU,2009,1,2,2,4,0.0,0,0,0,0,0,0
PITNT0180,PIT,2009,1,1,1,2,0.0,0,0,0,0,0,0
PITNT0213,PIT,2009,1,2,3,5,0.0,0,0,0,0,0,0
CARNT0045,CAR,2009,2,0,1,1,0.0,0,0,0,0,0,0
NWENT0021,NWE,2009,2,1,0,1,0.0,0,0,0,0,0,0
WASNT0089,NYG,2009,2,1,0,1,0.0,0,0,0,0,0,0
NORNT0031,PHI,2009,2,1,2,3,0.0,0,0,0,0,0,0
PITNT0213,PIT,2009,2,2,1,3,0.0,0,0,0,0,0,0
CARNT0045,CAR,2009,3,1,0,1,0.0,0,0,0,0,0,0
NORNT0031,PHI,2009,3,2,1,3,0.0,0,0,0,0,0,0
HOUNT0083,HOU,2009,3,0,1,1,0.0,0,0,0,0,0,0
PITNT0213,PIT,2009,3,2,0,2,1.0,10,0,0,0,0,0
PITNT0213,PIT,2009,4,1,1,2,0.0,0,0,0,0,0,0
WASNT0089,NYG,2009,5,3,1,4,0.0,0,0,0,0,0,0
NORNT0031,PHI,2009,5,2,0,2,0.0,0,0,0,0,0,0
PITNT0213,PIT,2009,5,2,0,2,0.0,0,0,0,0,0,0
BALNT0083,BAL,2009,6,1,0,1,0.0,0,0,0,0,0,0
WASNT0089,NYG,2009,6,0,1,1,0.0,0,0,0,0,0,0
NORNT0031,PHI,2009,6,3,0,3,0.0,0,0,0,0,0,0
PITNT0213,PIT,2009,6,2,1,3,0.0,0,0,0,0,0,0
WASNT0089,NYG,2009,7,2,0,2,0.0,0,0,0,0,0,1
NORNT0031,PHI,2009,7,3,3,6,1.0,4,0,0,0,0,0
HOUNT0083,HOU,2009,7,2,0,2,0.0,0,0,0,0,0,0
PITNT0180,PIT,2009,7,0,1,1,0.0,0,0,0,0,0,0
PITNT0213,PIT,2009,7,0,2,2,0.0,0,0,0,0,0,0
WASNT0089,NYG,2009,8,2,0,2,0.0,0,0,0,0,0,0
NORNT0031,PHI,2009,8,1,0,1,0.0,0,0,0,0,0,0
HOUNT0083,HOU,2009,8,2,1,3,0.0,0,0,0,0,0,0
WASNT0089,NYG,2009,9,0,1,1,0.0,0,0,0,0,0,0
NORNT0031,PHI,2009,9,1,0,1,0.0,0,0,0,0,0,0
HOUNT0083,HOU,2009,9,0,1,1,0.0,0,0,0,0,0,0
NWENT0021,NWE,2009,10,0,1,1,0.0,0,0,0,0,0,0
NORNT0031,PHI,2009,10,3,0,3,0.0,0,0,0,0,0,0
PITNT0213,PIT,2009,10,1,2,3,0.0,0,0,0,0,0,0
NWENT0021,NWE,2009,11,1,0,1,0.0,0,0,0,0,0,0
WASNT0089,NYG,2009,11,3,2,5,0.0,0,0,0,0,0,0
NORNT0031,PHI,2009,11,3,0,3,0.0,0,0,0,0,0,0
HOUNT0083,HOU,2009,11,3,0,3,0.0,0,0,0,0,0,0
PITNT0213,PIT,2009,11,2,1,3,1.0,9,0,0,0,0,0
BALNT0083,BAL,2009,12,1,0,1,0.0,0,0,0,0,0,0
WASNT0089,NYG,2009,12,1,0,1,0.0,0,0,0,0,0,0
NORNT0031,PHI,2009,12,3,0,3,0.0,0,0,0,0,0,1
HOUNT0083,HOU,2009,12,0,1,1,0.0,0,0,0,0,0,0
PITNT0213,PIT,2009,12,1,2,3,0.0,0,0,0,0,0,0
WASNT0089,NYG,2009,13,3,0,3,0.0,0,0,0,0,0,1
NORNT0031,PHI,2009,13,2,0,2,0.0,0,0,0,0,0,1
HOUNT0083,HOU,2009,13,0,1,1,0.5,1,0,0,0,0,1
PITNT0213,PIT,2009,13,1,2,3,0.0,0,0,0,0,0,0
WASNT0089,NYG,2009,14,1,3,4,0.0,0,0,0,0,0,0
NORNT0031,PHI,2009,14,2,0,2,0.0,0,0,0,0,0,1
HOUNT0083,HOU,2009,14,1,2,3,0.0,0,0,0,0,0,0
PITNT0180,PIT,2009,14,0,1,1,0.0,0,0,0,0,0,0
PITNT0213,PIT,2009,14,1,1,2,0.0,0,0,0,0,0,0
NWENT0021,NWE,2009,15,3,1,4,0.0,0,0,0,0,0,0
WASNT0089,NYG,2009,15,2,0,2,1.0,9,0,0,0,0,0
NORNT0031,PHI,2009,15,1,0,1,0.0,0,0,0,0,0,0
HOUNT0083,HOU,2009,15,1,0,1,0.0,0,0,0,0,0,0
PITNT0213,PIT,2009,15,3,2,5,0.5,4,0,0,0,0,0
NWENT0021,NWE,2009,16,1,0,1,0.0,0,0,0,0,0,0
WASNT0089,NYG,2009,16,2,1,3,0.0,0,0,0,0,0,0
NORNT0031,PHI,2009,16,1,0,1,0.0,0,0,0,0,0,0
HOUNT0083,HOU,2009,16,1,0,1,0.0,0,0,0,0,0,0
PITNT0213,PIT,2009,16,1,1,2,0.0,0,0,0,0,0,0
WASNT0089,NYG,2009,17,2,2,4,0.0,0,0,0,0,0,0
NORNT0031,PHI,2009,17,1,0,1,0.0,0,0,0,0,0,1
PITNT0213,PIT,2009,17,2,1,3,0.0,0,0,0,0,0,0
WASNT0089,NYG,2010,1,2,2,4,0.5,5,0,0,0,0,0
NWENT0021,NWE,2010,1,1,0,1,0.0,0,0,0,0,0,0
DALNT0026,DAL,2010,1,2,0,2,0.0,0,0,0,0,0,0
NORNT0031,PHI,2010,1,3,2,5,0.0,0,0,0,0,0,0
HOUNT0083,HOU,2010,1,1,1,2,0.0,0,0,0,0,0,0
PITNT0180,PIT,2010,1,0,2,2,0.0,0,0,0,0,0,0
BALNT0108,WAS,2010,1,1,0,1,0.0,0,0,0,0,0,0
PITNT0213,PIT,2010,1,0,1,1,0.0,0,0,0,0,0,0
NWENT0021,NWE,2010,2,1,3,4,0.0,0,0,0,0,0,0
PITNT0227,PIT,2010,2,1,0,1,0.0,0,0,0,0,0,0
HOUNT0111,HOU,2010,2,1,1,2,0.0,0,0,0,0,0,0
BALNT0083,BAL,2010,2,0,2,2,0.0,0,0,0,0,0,0
WASNT0089,NYG,2010,2,3,2,5,0.0,0,0,0,0,0,0
BALNT0108,WAS,2010,2,2,0,2,0.0,0,0,0,0,0,0
HOUNT0083,HOU,2010,2,2,1,3,0.0,0,0,0,0,0,0
NORNT0031,PHI,2010,2,2,0,2,0.0,0,0,0,0,0,0
PITNT0180,PIT,2010,2,2,0,2,0.0,0,0,0,0,0,0
NWENT0021,NWE,2010,3,1,0,1,0.0,0,0,0,0,0,0
HOUNT0111,HOU,2010,3,2,0,2,0.0,0,0,0,0,0,0
DALNT0026,DAL,2010,3,2,0,2,0.0,0,0,0,0,0,0
BALNT0083,BAL,2010,3,2,0,2,0.0,0,0,0,0,0,0
WASNT0089,NYG,2010,3,4,2,6,0.0,0,0,0,0,0,0
BALNT0108,WAS,2010,3,5,0,5,0.0,0,0,0,0,0,0
HOUNT0083,HOU,2010,3,0,1,1,0.0,0,0,0,0,0,0
NORNT0031,PHI,2010,3,1,0,1,0.0,0,0,0,0,0,0
PITNT0180,PIT,2010,3,1,0,1,0.0,0,0,0,0,0,0
BALNT0083,BAL,2010,4,0,1,1,0.0,0,0,0,0,0,0
NWENT0021,NWE,2010,4,1,0,1,0.0,0,0,0,0,0,0
HOUNT0111,HOU,2010,4,2,0,2,0.0,0,0,0,0,0,0
WASNT0089,NYG,2010,4,3,1,4,1.5,10,0,0,0,0,0
NORNT0031,PHI,2010,4,0,1,1,0.0,0,0,0,0,0,0
BALNT0108,WAS,2010,4,1,0,1,0.0,0,0,0,0,0,0
HOUNT0083,HOU,2010,4,0,1,1,0.0,0,0,0,0,0,0
PITNT0213,PIT,2010,4,1,0,1,1.0,6,0,0,0,1,0
HOUNT0111,HOU,2010,5,1,4,5,0.0,0,0,0,0,0,0
DALNT0026,DAL,2010,5,1,0,1,0.0,0,0,0,0,0,0
BALNT0083,BAL,2010,5,0,1,1,0.0,0,0,0,0,0,0
WASNT0089,NYG,2010,5,4,0,4,0.0,0,0,0,0,0,0
HOUNT0083,HOU,2010,5,1,2,3,0.0,0,0,0,0,0,0
BALNT0108,WAS,2010,5,0,2,2,0.0,0,0,0,0,0,0
DALNT0026,DAL,2010,6,0,1,1,0.0,0,0,0,0,0,0
HOUNT0111,HOU,2010,6,1,2,3,0.0,0,0,0,0,0,0
WASNT0089,NYG,2010,6,3,2,5,0.0,0,0,0,0,0,0
HOUNT0083,HOU,2010,6,5,4,9,0.0,0,0,0,0,0,0
PITNT0213,PIT,2010,6,0,2,2,0.0,0,0,0,0,0,0
DALNT0026,DAL,2010,7,3,0,3,0.0,0,0,0,0,0,0
BALNT0117,BAL,2010,7,0,1,1,0.0,0,0,0,0,0,0
BALNT0083,BAL,2010,7,1,0,1,0.0,0,0,0,0,0,0
WASNT0089,NYG,2010,7,2,0,2,1.0,3,0,0,0,1,1
BALNT0108,WAS,2010,7,1,1,2,0.0,0,0,0,0,0,0
NWENT0021,NWE,2010,8,2,2,4,0.0,0,0,0,0,0,0
DALNT0026,DAL,2010,8,2,0,2,0.0,0,0,0,0,0,0
HOUNT0083,HOU,2010,8,1,2,3,0.0,0,0,0,0,0,0
BALNT0108,WAS,2010,8,2,0,2,0.0,0,0,0,0,0,0
PITNT0180,PIT,2010,8,1,0,1,0.0,0,0,0,0,0,0
PITNT0213,PIT,2010,8,2,0,2,0.0,0,0,0,0,0,0
BALNT0117,BAL,2010,9,0,2,2,0.0,0,0,0,0,0,0
NWENT0021,NWE,2010,9,4,0,4,0.0,0,0,0,0,0,0
NORNT0031,PHI,2010,9,1,0,1,0.0,0,0,0,0,0,0
HOUNT0083,HOU,2010,9,1,0,1,0.0,0,0,0,0,0,0
PITNT0213,PIT,2010,9,1,0,1,0.0,0,0,0,0,0,0
NWENT0021,NWE,2010,10,0,1,1,0.0,0,0,0,0,0,0
BALNT0117,BAL,2010,10,3,2,5,0.0,0,0,0,0,0,0
HOUNT0111,HOU,2010,10,3,0,3,0.0,0,0,0,0,0,0
DALNT0026,DAL,2010,10,0,1,1,0.0,0,0,0,0,0,0
WASNT0089,NYG,2010,10,0,0,0,0.0,0,0,0,0,0,0
NORNT0031,PHI,2010,10,1,0,1,0.0,0,0,0,0,0,0
PITNT0180,PIT,2010,10,0,1,1,0.0,0,0,0,0,0,0
BALNT0108,WAS,2010,10,1,2,3,0.0,0,0,0,0,0,0
HOUNT0083,HOU,2010,10,2,0,2,0.0,0,0,0,0,0,0
PITNT0213,PIT,2010,10,2,0,2,0.0,0,0,0,0,0,0
PITNT0227,PIT,2010,11,1,0,1,0.0,0,0,0,0,0,0
HOUNT0111,HOU,2010,11,2,1,3,0.0,0,0,0,0,0,0
DALNT0026,DAL,2010,11,1,0,1,0.0,0,0,0,0,0,0
NWENT0021,NWE,2010,11,2,2,4,0.0,0,0,0,0,0,0
WASNT0089,NYG,2010,11,2,0,2,0.0,0,0,0,0,0,0
BALNT0108,WAS,2010,11,2,0,2,0.0,0,0,0,0,0,0
HOUNT0083,HOU,2010,11,2,2,4,0.0,0,0,0,0,0,0
NORNT0031,PHI,2010,11,1,0,1,0.0,0,0,0,0,0,0
PITNT0180,PIT,2010,11,1,1,2,0.0,0,0,0,0,0,0
HOUNT0111,HOU,2010,12,1,0,1,0.0,0,0,0,0,0,0
WASNT0089,NYG,2010,12,1,3,4,0.0,0,0,0,0,0,0
BALNT0108,WAS,2010,12,0,4,4,0.0,0,0,0,0,0,0
PITNT0213,PIT,2010,12,0,1,1,0.0,0,0,0,0,0,0
BALNT0083,BAL,2010,13,0,2,2,0.0,0,0,0,0,0,0
NWENT0021,NWE,2010,13,1,0,1,0.0,0,0,0,0,0,0
WASNT0089,NYG,2010,13,7,0,7,0.0,0,0,0,0,0,1
NORNT0031,PHI,2010,13,1,0,1,0.0,0,0,0,0,0,0
BALNT0108,WAS,2010,13,4,1,5,0.0,0,0,0,0,0,0
PITNT0213,PIT,2010,13,1,1,2,0.0,0,0,0,0,0,0
NWENT0021,NWE,2010,14,1,0,1,0.0,0,0,0,0,0,0
BALNT0117,BAL,2010,14,0,1,1,0.0,0,0,0,0,0,0
HOUNT0111,HOU,2010,14,3,1,4,0.0,0,0,0,0,0,0
WASNT0089,NYG,2010,14,2,1,3,1.0,9,0,0,0,0,0
NORNT0031,PHI,2010,14,3,0,3,0.0,0,0,0,0,0,0
PITNT0180,PIT,2010,14,1,0,1,0.0,0,0,0,0,0,0
HOUNT0083,HOU,2010,14,1,1,2,0.0,0,0,0,0,0,0
PITNT0213,PIT,2010,14,0,3,3,0.0,0,0,0,0,0,0
HOUNT0111,HOU,2010,15,1,0,1,1.0,8,0,0,0,0,0
DALNT0026,DAL,2010,15,1,0,1,0.0,0,0,0,0,0,0
WASNT0089,NYG,2010,15,1,0,1,0.0,0,0,0,0,0,0
NORNT0031,PHI,2010,15,1,0,1,0.0,0,0,0,0,0,0
HOUNT0083,HOU,2010,15,2,1,3,0.0,0,0,0,0,0,0
PITNT0213,PIT,2010,15,2,1,3,0.0,0,0,0,0,0,0
NWENT0021,NWE,2010,16,1,0,1,0.0,0,0,0,0,0,0
HOUNT0111,HOU,2010,16,1,0,1,0.0,0,0,0,0,0,0
WASNT0089,NYG,2010,16,3,0,3,0.0,0,0,0,0,0,1
NORNT0031,PHI,2010,16,1,0,1,0.0,0,0,0,0,0,0
PITNT0180,PIT,2010,16,1,0,1,0.0,0,0,0,0,0,0
HOUNT0083,HOU,2010,16,1,0,1,0.0,0,0,0,0,0,0
PITNT0213,PIT,2010,16,0,1,1,0.0,0,0,0,0,0,0
BALNT0117,BAL,2010,17,2,2,4,0.0,0,0,0,0,0,0
HOUNT0111,HOU,2010,17,0,1,1,0.0,0,0,0,0,0,0
DALNT0026,DAL,2010,17,2,0,2,0.0,0,0,0,0,0,0
BALNT0083,BAL,2010,17,1,0,1,0.0,0,0,0,0,0,0
WASNT0089,NYG,2010,17,2,2,4,0.0,0,0,0,0,0,1
PITNT0180,PIT,2010,17,0,1,1,0.0,0,0,0,0,0,0
HOUNT0083,HOU,2010,17,2,1,3,0.0,0,0,0,0,0,0
NORNT0031,PHI,2010,17,2,0,2,0.0,0,0,0,0,0,1
PITNT0213,PIT,2010,17,1,0,1,0.0,0,0,0,0,0,0
CLENT0053,CLE,2011,1,5,1,6,0.0,0,0,0,0,0,0
HOUNT0110,CAR,2011,1,1,0,1,0.0,0,0,0,0,0,0
WASNT0087,WAS,2011,1,1,2,3,1.5,10,0,0,0,0,0
DALNT0026,DAL,2011,1,1,0,1,0.0,0,0,0,0,0,0
HOUNT0111,HOU,2011,1,1,0,1,0.0,0,0,0,0,0,0
HOUNT0083,HOU,2011,1,0,0,0,0.0,0,0,0,0,0,0
NORNT0031,DEN,2011,1,3,1,4,0.0,0,0,0,0,0,0
WASNT0089,WAS,2011,1,1,0,1,0.0,0,0,0,0,0,0
PITNT0213,PIT,2011,1,2,1,3,0.0,0,0,0,0,0,0
HOUNT0111,HOU,2011,2,1,1,2,0.0,0,0,0,0,0,0
CLENT0053,CLE,2011,2,2,3,5,0.0,0,0,0,0,0,1
BALNT0117,BAL,2011,2,2,0,2,0.0,0,0,0,0,0,0
PITNT0227,PIT,2011,2,0,1,1,0.5,3,0,0,0,0,0
NORNT0031,DEN,2011,2,1,1,2,0.0,0,0,0,0,0,0
WASNT0089,WAS,2011,2,1,0,1,0.0,0,0,0,0,0,1
HOUNT0083,HOU,2011,2,1,0,1,0.0,0,0,0,0,0,0
HOUNT0110,CAR,2011,3,1,2,3,0.0,0,0,0,0,0,0
WASNT0087,WAS,2011,3,2,0,2,0.0,0,0,0,0,0,0
CLENT0053,CLE,2011,3,4,3,7,1.0,3,0,0,0,0,0
WASNT0089,WAS,2011,3,0,1,1,0.0,0,0,0,0,0,1
NORNT0031,DEN,2011,3,1,0,1,0.0,0,0,0,0,0,0
PITNT0213,PIT,2011,3,2,0,2,0.0,0,0,0,0,0,0
DALNT0026,DAL,2011,4,1,0,1,0.0,0,0,0,0,0,0
CLENT0053,CLE,2011,4,0,2,2,0.0,0,0,0,0,0,0
HOUNT0111,HOU,2011,4,0,0,0,0.0,0,0,0,0,0,0
BALNT0117,BAL,2011,4,2,1,3,0.0,0,0,0,0,0,0
HOUNT0083,HOU,2011,4,2,0,2,1.0,7,0,0,0,0,0
WASNT0089,WAS,2011,4,0,0,0,0.0,0,0,0,0,0,2
PITNT0213,PIT,2011,4,2,1,3,0.0,0,0,0,0,0,0
HOUNT0110,CAR,2011,5,1,0,1,0.0,0,0,0,0,0,0
HOUNT0111,HOU,2011,5,1,1,2,0.0,0,0,0,0,0,0
HOUNT0083,HOU,2011,5,2,0,2,0.0,0,0,0,0,0,0
PITNT0180,PIT,2011,5,2,0,2,0.0,0,0,0,0,0,0
DALNT0026,DAL,2011,6,0,1,1,0.0,0,0,0,0,0,0
INDNT0006,NYJ,2011,6,0,1,1,0.0,0,0,0,0,0,0
CLENT0053,CLE,2011,6,3,0,3,1.0,1,0,0,0,0,0
HOUNT0110,CAR,2011,6,0,1,1,0.0,0,0,0,0,0,0
WASNT0087,WAS,2011,6,0,1,1,0.0,0,0,0,0,0,0
HOUNT0111,HOU,2011,6,0,1,1,0.0,0,0,0,0,0,0
BALNT0117,BAL,2011,6,3,0,3,0.0,0,0,0,0,0,0
HOUNT0083,HOU,2011,6,3,1,4,0.0,0,0,0,0,0,0
WASNT0089,WAS,2011,6,2,0,2,1.0,1,0,0,0,0,1
BALNT0083,BAL,2011,6,0,1,1,0.0,0,0,0,0,0,0
PITNT0227,PIT,2011,6,0,1,1,0.0,0,0,0,0,0,0
PITNT0180,PIT,2011,6,1,0,1,0.0,0,0,0,0,0,0
HOUNT0111,HOU,2011,7,0,1,1,0.0,0,0,0,0,0,0
DALNT0026,DAL,2011,7,2,0,2,0.0,0,0,0,0,0,0
HOUNT0110,CAR,2011,7,0,0,0,0.0,0,0,0,0,0,0
BALNT0117,BAL,2011,7,4,2,6,0.0,0,0,0,0,0,0
PITNT0227,PIT,2011,7,4,1,5,0.0,0,0,0,0,0,0
WASNT0089,WAS,2011,7,3,0,3,1.0,3,0,0,0,0,0
BALNT0083,BAL,2011,7,3,1,4,0.0,0,0,0,0,1,0
NORNT0031,DEN,2011,7,3,1,4,0.0,0,0,0,0,0,0
HOUNT0111,HOU,2011,8,0,1,1,0.0,0,0,0,0,0,0
CLENT0053,CLE,2011,8,2,0,2,1.0,3,0,0,0,1,0
HOUNT0110,CAR,2011,8,3,1,4,1.0,0,0,0,0,0,0
BALNT0083,BAL,2011,8,1,1,2,0.0,0,0,0,0,0,0
WASNT0089,WAS,2011,8,1,2,3,0.0,0,0,0,0,0,0
HOUNT0083,HOU,2011,8,1,2,3,0.0,0,0,0,0,0,0
NORNT0031,DEN,2011,8,5,0,5,0.0,0,0,0,0,0,0
PITNT0213,PIT,2011,8,0,1,1,0.0,0,0,0,0,0,0
HOUNT0111,HOU,2011,9,3,0,3,0.0,0,0,0,0,0,0
CLENT0053,CLE,2011,9,1,0,1,0.0,0,0,0,0,0,0
WASNT0087,WAS,2011,9,0,1,1,0.0,0,0,0,0,0,0
BALNT0117,BAL,2011,9,2,1,3,0.0,0,0,0,0,0,1
PITNT0227,PIT,2011,9,1,0,1,0.0,0,0,0,0,0,0
HOUNT0083,HOU,2011,9,1,1,2,0.0,0,0,0,0,0,0
WASNT0089,WAS,2011,9,1,0,1,0.0,0,0,0,0,0,0
NWENT0021,NWE,2011,9,0,2,2,0.0,0,0,0,0,0,0
PITNT0213,PIT,2011,9,1,3,4,0.0,0,0,0,0,0,0
BALNT0117,BAL,2011,10,0,2,2,0.0,0,0,0,0,0,0
CLENT0053,CLE,2011,10,4,1,5,1.0,7,0,0,0,0,0
HOUNT0110,CAR,2011,10,3,0,3,0.0,0,0,0,0,0,0
WASNT0087,WAS,2011,10,1,0,1,0.0,0,0,0,0,0,0
PITNT0227,PIT,2011,10,1,0,1,0.0,0,0,0,0,0,0
BALNT0083,BAL,2011,10,0,3,3,0.0,0,0,0,0,0,0
HOUNT0083,HOU,2011,10,1,0,1,0.0,0,0,0,0,0,0
NORNT0031,DEN,2011,10,2,0,2,0.0,0,0,0,0,0,0
WASNT0089,WAS,2011,10,3,0,3,0.0,0,0,0,0,0,1
PITNT0213,PIT,2011,10,1,2,3,0.0,0,0,0,0,0,0
HOUNT0110,CAR,2011,11,2,1,3,0.0,0,0,0,0,0,0
WASNT0087,WAS,2011,11,0,1,1,0.5,2,0,0,0,0,0
CLENT0053,CLE,2011,11,6,3,9,0.0,0,0,0,0,0,0
BALNT0117,BAL,2011,11,1,2,3,0.0,0,0,0,0,0,0
WASNT0089,WAS,2011,11,0,1,1,0.0,0,0,0,0,0,0
BALNT0083,BAL,2011,11,1,0,1,0.0,0,0,0,0,0,0
NORNT0031,DEN,2011,11,4,1,5,0.0,0,0,0,0,0,0
CLENT0053,CLE,2011,12,2,0,2,0.0,0,0,0,0,0,0
HOUNT0110,CAR,2011,12,0,1,1,0.0,0,0,0,0,0,0
WASNT0087,WAS,2011,12,0,1,1,0.0,0,0,0,0,0,0
PITNT0227,PIT,2011,12,2,0,2,0.0,0,0,0,0,0,0
WASNT0089,WAS,2011,12,0,1,1,0.0,0,0,0,0,0,0
HOUNT0083,HOU,2011,12,3,0,3,0.0,0,0,0,0,0,1
NORNT0031,DEN,2011,12,4,0,4,0.0,0,0,0,0,0,0
PITNT0213,PIT,2011,12,1,0,1,0.0,0,0,0,0,0,0
HOUNT0110,CAR,2011,13,2,0,2,0.0,0,0,0,0,0,0
CLENT0053,CLE,2011,13,1,5,6,0.0,0,0,0,0,0,0
WASNT0089,WAS,2011,13,0,1,1,0.0,0,0,0,0,0,2
NORNT0031,DEN,2011,13,2,1,3,0.0,0,0,0,0,0,0
PITNT0213,PIT,2011,13,1,1,2,0.0,0,0,0,0,0,0
BALNT0117,BAL,2011,14,2,0,2,0.0,0,0,0,0,0,0
HOUNT0111,HOU,2011,14,0,1,1,0.0,0,0,0,0,0,0
CLENT0053,CLE,2011,14,0,1,1,0.0,0,0,0,0,0,0
PITNT0227,PIT,2011,14,1,1,2,0.5,3,0,0,0,0,0
NWENT0021,NWE,2011,14,0,1,1,0.0,0,0,0,0,0,0
HOUNT0083,HOU,2011,14,0,2,2,0.0,0,0,0,0,0,1
NORNT0031,DEN,2011,14,3,1,4,0.0,0,0,0,0,0,0
WASNT0089,WAS,2011,14,2,3,5,0.5,3,0,0,0,0,0
PITNT0213,PIT,2011,14,3,3,6,0.0,0,0,0,0,0,0
HOUNT0111,HOU,2011,15,3,2,5,1.0,0,0,0,0,0,0
CLENT0053,CLE,2011,15,2,1,3,0.0,0,0,0,0,0,0
BALNT0117,BAL,2011,15,1,2,3,0.0,0,0,0,0,0,0
NWENT0021,NWE,2011,15,1,0,1,0.0,0,0,0,0,1,0
HOUNT0083,HOU,2011,15,1,1,2,0.0,0,0,0,0,0,0
NORNT0031,DEN,2011,15,3,1,4,0.0,0,0,0,0,0,0
PITNT0213,PIT,2011,15,1,0,1,0.0,0,0,0,0,0,0
BALNT0117,BAL,2011,16,2,2,4,0.0,0,0,0,0,0,0
HOUNT0111,HOU,2011,16,0,4,4,0.0,0,0,0,0,0,0
CLENT0053,CLE,2011,16,4,1,5,0.0,0,0,0,0,0,0
BALNT0083,BAL,2011,16,2,0,2,0.0,0,0,0,0,0,0
WASNT0089,WAS,2011,16,0,1,1,0.5,1,0,0,0,0,0
HOUNT0083,HOU,2011,16,1,0,1,0.0,0,0,0,0,0,0
NORNT0031,DEN,2011,16,2,1,3,0.0,0,0,0,0,0,0
PITNT0213,PIT,2011,16,1,1,2,0.0,0,0,0,0,0,0
HOUNT0111,HOU,2011,17,5,1,6,0.0,0,0,0,0,0,1
DALNT0026,DAL,2011,17,0,1,1,0.0,0,0,0,0,0,0
CLENT0053,CLE,2011,17,1,1,2,0.0,0,0,0,0,0,0
BALNT0117,BAL,2011,17,2,1,3,0.0,0,0,0,0,0,0
BALNT0083,BAL,2011,17,1,0,1,0.0,0,0,0,0,0,0
NORNT0031,DEN,2011,17,0,2,2,0.0,0,0,0,0,0,0
WASNT0089,WAS,2011,17,1,0,1,0.0,0,0,0,0,0,0
PITNT0213,PIT,2011,17,2,1,3,0.0,0,0,0,0,0,0
BALNT0117,BAL,2012,1,1,0,1,0.0,0,0,0,0,0,0
DALNT0026,DAL,2012,1,0,2,2,0.0,0,0,0,0,0,0
CLENT0056,CLE,2012,1,1,0,1,0.0,0,0,0,0,0,0
WASNT0089,WAS,2012,1,0,0,0,0.0,0,0,0,0,0,0
NORNT0031,NOR,2012,1,2,3,5,0.5,3,0,0,0,0,0
BALNT0108,BAL,2012,1,1,0,1,0.0,0,0,0,0,0,0
HOUNT0083,HOU,2012,1,2,0,2,0.0,0,0,0,0,0,0
PITNT0213,PIT,2012,1,1,1,2,0.0,0,0,0,0,0,0
HOUNT0111,HOU,2012,2,1,0,1,0.0,0,0,0,0,0,0
DALNT0026,DAL,2012,2,0,3,3,0.0,0,0,0,0,0,0
CLENT0056,CLE,2012,2,0,2,2,0.0,0,0,0,0,0,0
PITNT0227,PIT,2012,2,1,1,2,0.0,0,0,0,0,0,0
NWENT0021,NWE,2012,2,2,1,3,0.0,0,0,0,0,0,0
BALNT0108,BAL,2012,2,1,1,2,0.0,0,0,0,0,0,1
HOUNT0083,HOU,2012,2,1,1,2,0.0,0,0,0,0,0,0
NORNT0031,NOR,2012,2,0,2,2,0.0,0,0,0,0,0,0
PITNT0213,PIT,2012,2,1,2,3,0.0,0,0,0,0,0,0
BALNT0117,BAL,2012,3,1,1,2,0.0,0,0,0,0,0,0
HOUNT0111,HOU,2012,3,1,0,1,0.0,0,0,0,0,0,2
INDNT0006,IND,2012,3,3,0,3,0.0,0,0,0,0,0,0
DALNT0026,DAL,2012,3,1,0,1,0.0,0,0,0,0,0,0
WASNT0088,WAS,2012,3,1,1,2,0.0,0,0,0,0,0,0
WASNT0089,WAS,2012,3,0,1,1,0.0,0,0,0,0,0,0
BALNT0108,BAL,2012,3,0,1,1,0.0,0,0,0,0,0,0
HOUNT0083,HOU,2012,3,1,0,1,0.0,0,0,0,0,0,0
NORNT0031,NOR,2012,3,1,1,2,0.0,0,0,0,0,0,0
PITNT0213,PIT,2012,3,0,1,1,0.0,0,0,0,0,0,0
DALNT0026,DAL,2012,4,4,0,4,1.0,6,0,0,0,0,0
HOUNT0111,HOU,2012,4,2,1,3,0.0,0,0,0,0,0,0
BALNT0117,BAL,2012,4,1,1,2,0.0,0,0,0,0,0,0
HOUNT0083,HOU,2012,4,1,0,1,0.0,0,0,0,0,0,0
BALNT0117,BAL,2012,5,1,1,2,0.0,0,0,0,0,0,0
HOUNT0111,HOU,2012,5,1,1,2,0.0,0,0,0,0,0,0
CLENT0056,CLE,2012,5,1,2,3,0.0,0,0,0,0,0,0
PITNT0227,PIT,2012,5,1,0,1,1.0,2,0,0,0,1,0
NWENT0021,NWE,2012,5,0,1,1,0.0,0,0,0,0,0,0
HOUNT0083,HOU,2012,5,1,2,3,0.0,0,0,0,0,0,0
NORNT0031,NOR,2012,5,1,1,2,0.0,0,0,0,0,0,0
WASNT0089,WAS,2012,5,2,3,5,1.0,7,0,0,0,0,1
BALNT0108,BAL,2012,5,2,0,2,0.0,0,0,0,0,0,0
HOUNT0111,HOU,2012,6,4,1,5,0.0,0,0,0,0,0,0
CLENT0056,CLE,2012,6,1,1,2,0.0,0,0,0,0,0,0
BALNT0117,BAL,2012,6,1,2,3,0.0,0,0,0,0,0,0
WASNT0088,WAS,2012,6,1,0,1,0.0,0,0,0,0,0,0
HOUNT0083,HOU,2012,6,1,0,1,0.0,0,0,0,0,0,0
WASNT0089,WAS,2012,6,0,4,4,0.0,0,0,0,0,0,0
BALNT0108,BAL,2012,6,3,2,5,0.0,0,0,0,0,0,0
HOUNT0111,HOU,2012,7,0,1,1,0.0,0,0,0,0,0,0
DALNT0026,DAL,2012,7,1,0,1,0.0,0,0,0,0,0,0
CLENT0056,CLE,2012,7,1,1,2,0.0,0,0,0,0,0,0
BALNT0117,BAL,2012,7,1,1,2,0.0,0,0,0,0,0,0
WASNT0088,WAS,2012,7,1,1,2,0.0,0,0,0,0,0,0
HOUNT0083,HOU,2012,7,0,1,1,0.0,0,0,0,0,0,0
WASNT0089,WAS,2012,7,2,3,5,0.5,4,0,0,0,0,1
PITNT0213,PIT,2012,7,1,0,1,0.0,0,0,0,0,0,0
DALNT0026,DAL,2012,8,1,0,1,0.0,0,0,0,0,0,0
CLENT0056,CLE,2012,8,1,1,2,0.0,0,0,0,0,0,0
INDNT0006,IND,2012,8,1,0,1,0.0,0,0,0,0,0,0
WASNT0088,WAS,2012,8,1,0,1,0.0,0,0,0,0,0,0
WASNT0089,WAS,2012,8,2,2,4,0.0,0,0,0,0,0,0
PITNT0213,PIT,2012,8,0,1,1,0.0,0,0,0,0,0,0
HOUNT0111,HOU,2012,9,1,0,1,0.0,0,0,0,0,0,0
DALNT0026,DAL,2012,9,1,1,2,0.5,2,0,0,0,0,0
CLENT0053,CLE,2012,9,1,0,1,0.0,0,0,0,0,0,0
CLENT0056,CLE,2012,9,0,3,3,0.0,0,0,0,0,0,0
BALNT0117,BAL,2012,9,1,0,1,0.0,0,0,0,0,0,0
PITNT0227,PIT,2012,9,0,0,0,0.0,0,0,0,0,0,0
HOUNT0083,HOU,2012,9,1,1,2,0.0,0,0,0,0,0,1
NORNT0031,NOR,2012,9,1,0,1,1.0,3,0,0,0,0,0
WASNT0089,WAS,2012,9,1,1,2,0.0,0,0,0,0,0,0
WASNT0088,WAS,2012,9,1,0,1,0.0,0,0,0,0,0,0
PITNT0213,PIT,2012,9,1,0,1,0.0,0,0,0,0,0,0
HOUNT0111,HOU,2012,10,3,1,4,0.0,0,0,0,0,0,0
DALNT0026,DAL,2012,10,0,1,1,0.0,0,0,0,0,0,0
BALNT0117,BAL,2012,10,2,1,3,0.0,0,0,0,0,0,0
NORNT0031,NOR,2012,10,1,1,2,0.0,0,0,0,0,0,0
BALNT0108,BAL,2012,10,0,1,1,0.0,0,0,0,0,0,0
PITNT0213,PIT,2012,10,2,1,3,0.0,0,0,0,0,0,0
HOUNT0111,HOU,2012,11,1,0,1,0.0,0,0,0,0,0,0
DALNT0026,DAL,2012,11,0,1,1,0.0,0,0,0,0,0,1
CLENT0053,CLE,2012,11,2,0,2,0.0,0,0,0,0,0,0
WASNT0088,WAS,2012,11,0,0,0,0.0,0,0,0,0,0,1
WASNT0089,WAS,2012,11,2,1,3,0.0,0,0,0,0,1,0
BALNT0108,BAL,2012,11,0,2,2,0.0,0,0,0,0,0,0
NORNT0031,NOR,2012,11,0,1,1,0.0,0,0,0,0,0,1
PITNT0213,PIT,2012,11,1,3,4,0.0,0,0,0,0,0,0
HOUNT0111,HOU,2012,12,1,1,2,0.0,0,0,0,0,0,0
INDNT0006,IND,2012,12,0,2,2,0.0,0,0,0,0,0,1
DALNT0026,DAL,2012,12,3,1,4,0.0,0,0,0,0,0,0
CLENT0053,CLE,2012,12,1,0,1,1.0,6,0,0,0,0,0
BALNT0117,BAL,2012,12,1,1,2,0.0,0,0,0,0,0,0
PITNT0227,PIT,2012,12,1,0,1,0.0,0,0,0,0,0,0
BALNT0108,BAL,2012,12,2,3,5,0.0,0,0,0,0,0,0
NORNT0031,NOR,2012,12,0,1,1,0.0,0,0,0,0,0,0
WASNT0089,WAS,2012,12,1,1,2,0.0,0,0,0,0,0,0
PITNT0213,PIT,2012,12,1,1,2,0.0,0,0,0,0,0,0
HOUNT0111,HOU,2012,13,0,0,0,0.0,0,0,0,0,0,1
INDNT0006,IND,2012,13,0,1,1,0.0,0,0,0,0,0,0
DALNT0026,DAL,2012,13,2,0,2,0.0,0,0,0,0,1,0
CLENT0053,CLE,2012,13,1,0,1,0.0,0,0,0,0,0,0
BALNT0117,BAL,2012,13,1,1,2,0.0,0,0,0,0,0,1
PITNT0227,PIT,2012,13,1,0,1,0.0,0,0,0,0,0,0
HOUNT0083,HOU,2012,13,2,0,2,0.0,0,0,0,0,0,1
NORNT0031,NOR,2012,13,1,0,1,0.0,0,0,0,0,0,1
WASNT0089,WAS,2012,13,1,1,2,0.0,0,0,0,0,0,0
WASNT0088,WAS,2012,13,1,2,3,0.0,0,0,0,0,0,0
BALNT0108,BAL,2012,13,0,1,1,0.0,0,0,0,0,0,0
HOUNT0111,HOU,2012,14,0,5,5,0.0,0,0,0,0,1,0
CLENT0053,CLE,2012,14,1,0,1,0.0,0,0,0,0,0,0
CLENT0056,CLE,2012,14,1,0,1,0.0,0,0,0,0,0,0
BALNT0117,BAL,2012,14,0,1,1,0.0,0,0,0,0,0,0
WASNT0088,WAS,2012,14,1,2,3,0.0,0,0,0,0,0,0
BALNT0108,BAL,2012,14,1,1,2,0.0,0,0,0,0,1,1
HOUNT0083,HOU,2012,14,0,2,2,0.0,0,0,0,0,0,0
WASNT0089,WAS,2012,14,2,2,4,0.0,0,0,0,0,0,1
PITNT0213,PIT,2012,14,1,2,3,0.0,0,0,0,0,0,0
HOUNT0111,HOU,2012,15,1,0,1,0.0,0,0,0,0,0,0
CLENT0053,CLE,2012,15,4,1,5,0.0,0,0,0,0,0,0
CLENT0056,CLE,2012,15,0,1,1,0.0,0,0,0,0,0,0
BALNT0117,BAL,2012,15,1,2,3,0.0,0,0,0,0,0,0
WASNT0088,WAS,2012,15,1,0,1,0.0,0,0,0,0,0,0
NORNT0031,NOR,2012,15,0,1,1,0.0,0,0,0,0,0,0
WASNT0089,WAS,2012,15,1,1,2,1.0,7,0,0,0,0,0
BALNT0108,BAL,2012,15,2,1,3,0.0,0,0,0,0,0,0
INDNT0006,IND,2012,16,2,1,3,0.0,0,0,0,0,0,0
CLENT0053,CLE,2012,16,1,0,1,0.0,0,0,0,0,0,0
HOUNT0111,HOU,2012,16,1,0,1,0.0,0,0,0,0,0,0
BALNT0117,BAL,2012,16,0,1,1,0.0,0,0,0,0,0,0
WASNT0089,WAS,2012,16,1,0,1,0.0,0,0,0,0,0,3
PITNT0227,PIT,2012,16,0,1,1,0.5,4,0,0,0,0,0
PITNT0213,PIT,2012,16,2,2,4,0.0,0,0,0,0,0,0
HOUNT0111,HOU,2012,17,2,1,3,0.0,0,0,0,0,0,0
INDNT0006,IND,2012,17,1,1,2,0.0,0,0,0,0,0,0
CLENT0053,CLE,2012,17,1,1,2,0.0,0,0,0,0,0,0
SFONT0002,SFO,2012,17,3,0,3,0.0,0,0,0,0,0,0
PITNT0227,PIT,2012,17,0,1,1,0.5,2,0,0,0,0,0
WASNT0088,WAS,2012,17,0,1,1,0.0,0,0,0,0,0,0
BALNT0108,BAL,2012,17,3,1,4,1.0,1,0,0,0,0,0
NORNT0031,NOR,2012,17,3,2,5,1.0,3,0,0,0,0,0
WASNT0089,WAS,2012,17,0,1,1,0.0,0,0,0,0,0,0
PITNT0213,PIT,2012,17,0,1,1,0.0,0,0,0,0,0,0
SFONT0002,SFO,2013,1,1,0,1,0.0,0,0,0,0,0,0
CLENT0056,CLE,2013,1,0,1,1,0.0,0,0,0,0,0,0
NORNT0030,NOR,2013,1,1,1,2,0.0,0,0,0,0,0,0
CLENT0053,CLE,2013,1,0,2,2,0.0,0,0,0,0,0,0
HOUNT0111,HOU,2013,1,2,1,3,0.0,0,0,0,0,0,0
WASNT0088,WAS,2013,1,0,1,1,0.0,0,0,0,0,0,0
PITNT0227,PIT,2013,1,2,4,6,0.0,0,0,0,0,0,0
WASNT0089,WAS,2013,1,2,1,3,0.0,0,0,0,0,0,0
CLENT0056,CLE,2013,2,1,2,3,0.0,0,0,0,0,0,0
NORNT0030,NOR,2013,2,3,0,3,0.0,0,0,0,0,0,0
INDNT0015,IND,2013,2,1,0,1,0.0,0,0,0,0,0,0
CLENT0053,CLE,2013,2,0,1,1,0.0,0,0,0,0,0,0
PITNT0227,PIT,2013,2,0,2,2,0.0,0,0,0,0,0,0
HOUNT0111,HOU,2013,2,0,1,1,0.0,0,0,0,0,0,0
WASNT0089,WAS,2013,2,1,0,1,0.0,0,0,0,0,0,0
INDNT0015,IND,2013,3,2,2,4,0.0,0,0,0,0,0,0
CLENT0056,CLE,2013,3,0,1,1,0.0,0,0,0,0,0,0
NORNT0030,NOR,2013,3,2,0,2,0.0,0,0,0,0,0,0
WASNT0087,WAS,2013,3,1,1,2,0.0,0,0,0,0,0,0
CLENT0053,CLE,2013,3,1,1,2,1.0,7,0,0,0,0,0
PITNT0227,PIT,2013,3,3,2,5,0.0,0,0,0,0,0,0
BALNT0117,BAL,2013,3,0,2,2,0.0,0,0,0,0,0,0
HOUNT0111,HOU,2013,3,1,2,3,0.0,0,0,0,0,0,0
WASNT0089,WAS,2013,3,1,2,3,0.0,0,0,0,0,0,0
HOUNT0110,HOU,2013,4,0,0,0,0.0,0,0,0,0,0,0
INDNT0015,IND,2013,4,1,0,1,0.0,0,0,0,0,0,0
NORNT0030,NOR,2013,4,2,0,2,0.0,0,0,0,0,0,0
CLENT0053,CLE,2013,4,2,0,2,0.0,0,0,0,0,0,0
HOUNT0111,HOU,2013,4,0,2,2,0.0,0,0,0,0,0,0
WASNT0088,WAS,2013,4,0,3,3,0.0,0,0,0,0,0,0
PITNT0227,PIT,2013,4,4,0,4,0.0,0,0,0,0,0,0
WASNT0089,WAS,2013,4,2,0,2,2.0,8,0,0,0,0,0
NORNT0030,NOR,2013,5,0,1,1,0.0,0,0,0,0,0,0
CLENT0056,CLE,2013,5,1,1,2,0.0,0,0,0,0,0,0
HOUNT0110,HOU,2013,5,1,0,1,0.0,0,0,0,0,0,0
CLENT0053,CLE,2013,5,2,2,4,0.0,0,0,0,0,0,0
HOUNT0111,HOU,2013,5,0,2,2,0.0,0,0,0,0,0,0
INDNT0015,IND,2013,6,0,1,1,0.0,0,0,0,0,0,0
HOUNT0110,HOU,2013,6,1,0,1,0.0,0,0,0,0,0,0
CLENT0053,CLE,2013,6,0,0,0,0.0,0,0,0,0,0,0
HOUNT0111,HOU,2013,6,3,1,4,0.0,0,0,0,0,0,0
WASNT0088,WAS,2013,6,1,0,1,0.0,0,0,0,0,0,0
CLENT0053,CLE,2013,7,1,2,3,0.0,0,0,0,0,0,0
CLENT0056,CLE,2013,7,3,0,3,0.0,0,0,0,0,0,0
HOUNT0111,HOU,2013,7,5,0,5,1.0,6,0,0,0,0,0
PITNT0227,PIT,2013,7,3,0,3,0.0,0,0,0,0,0,0
WASNT0088,WAS,2013,7,2,1,3,1.0,6,0,0,0,0,0
WASNT0089,WAS,2013,7,2,1,3,0.5,4,0,0,0,0,0
NORNT0030,NOR,2013,8,0,1,1,0.0,0,0,0,0,0,0
CLENT0053,CLE,2013,8,3,0,3,1.0,4,0,0,0,0,0
PITNT0227,PIT,2013,8,4,0,4,0.0,0,0,0,0,0,0
WASNT0088,WAS,2013,8,1,0,1,0.0,0,0,0,0,0,0
NORNT0031,NOR,2013,8,1,0,1,0.0,0,0,0,0,0,0
HOUNT0111,HOU,2013,9,3,1,4,0.0,0,0,0,0,0,0
CLENT0053,CLE,2013,9,1,0,1,0.0,0,0,0,0,0,0
BALNT0117,BAL,2013,9,2,0,2,0.0,0,0,0,0,0,0
PITNT0227,PIT,2013,9,0,1,1,0.0,0,0,0,0,0,0
WASNT0089,WAS,2013,9,0,0,0,0.0,0,0,0,0,0,0
NORNT0031,NOR,2013,9,0,3,3,0.0,0,0,0,0,0,0
HOUNT0111,HOU,2013,10,4,0,4,0.0,0,0,0,0,0,0
NORNT0030,NOR,2013,10,1,0,1,0.0,0,0,0,0,0,0
BALNT0117,BAL,2013,10,1,0,1,0.0,0,0,0,0,0,0
PITNT0227,PIT,2013,10,1,0,1,0.0,0,0,0,0,0,0
WASNT0088,WAS,2013,10,0,1,1,0.0,0,0,0,0,0,0
NORNT0031,NOR,2013,10,2,0,2,0.0,0,0,0,0,0,0
CLENT0053,CLE,2013,11,0,2,2,0.0,0,0,0,0,0,0
NORNT0030,NOR,2013,11,0,1,1,0.0,0,0,0,0,0,0
HOUNT0111,HOU,2013,11,2,0,2,0.0,0,0,0,0,0,0
BALNT0117,BAL,2013,11,1,0,1,0.0,0,0,0,0,0,0
WASNT0088,WAS,2013,11,2,0,2,0.0,0,0,0,0,0,0
PITNT0227,PIT,2013,11,2,0,2,0.0,0,0,0,0,1,0
NORNT0031,NOR,2013,11,1,1,2,0.0,0,0,0,0,0,0
HOUNT0110,HOU,2013,12,1,0,1,0.0,0,0,0,0,0,0
INDNT0015,IND,2013,12,2,0,2,0.0,0,0,0,0,0,0
CLENT0056,CLE,2013,12,1,2,3,0.0,0,0,0,0,0,0
HOUNT0111,HOU,2013,12,1,3,4,0.5,4,0,0,0,0,0
BALNT0117,BAL,2013,12,1,2,3,0.0,0,0,0,0,0,0
WASNT0089,WAS,2013,12,2,1,3,0.0,0,0,0,0,0,0
WASNT0088,WAS,2013,12,3,0,3,0.0,0,0,0,0,0,0
NORNT0031,NOR,2013,12,0,1,1,0.0,0,0,0,0,0,0
INDNT0015,IND,2013,13,1,0,1,0.0,0,0,0,0,0,0
NORNT0030,NOR,2013,13,0,1,1,0.0,0,0,0,0,0,0
CLENT0053,CLE,2013,13,2,0,2,0.0,0,0,0,0,0,0
HOUNT0111,HOU,2013,13,2,1,3,0.0,0,0,0,0,0,0
WASNT0089,WAS,2013,13,3,2,5,0.0,0,0,0,0,0,0
WASNT0088,WAS,2013,13,0,0,0,0.0,0,0,0,0,0,0
NORNT0031,NOR,2013,13,0,0,0,0.0,0,0,0,0,0,0
WASNT0087,WAS,2013,14,2,0,2,0.0,0,0,0,0,0,0
INDNT0015,IND,2013,14,1,0,1,0.0,0,0,0,0,0,0
NORNT0030,NOR,2013,14,2,2,4,0.0,0,0,0,0,0,0
CLENT0053,CLE,2013,14,1,1,2,0.0,0,0,0,0,0,1
HOUNT0111,HOU,2013,14,3,1,4,0.0,0,0,0,0,0,0
WASNT0088,WAS,2013,14,0,1,1,0.0,0,0,0,0,0,0
PITNT0227,PIT,2013,14,0,1,1,0.0,0,0,0,0,0,0
BALNT0117,BAL,2013,14,1,0,1,0.0,0,0,0,0,0,0
WASNT0089,WAS,2013,14,0,3,3,0.0,0,0,0,0,0,0
WASNT0087,WAS,2013,15,0,1,1,0.0,0,0,0,0,0,0
CLENT0056,CLE,2013,15,0,1,1,0.0,0,0,0,0,0,0
PITNT0224,PIT,2013,15,0,1,1,0.0,0,0,0,0,0,0
NORNT0030,NOR,2013,15,1,0,1,0.0,0,0,0,0,0,0
HOUNT0110,HOU,2013,15,0,1,1,0.0,0,0,0,0,0,0
CLENT0053,CLE,2013,15,1,0,1,0.0,0,0,0,0,0,0
WASNT0089,WAS,2013,15,1,2,3,0.0,0,0,0,0,0,0
WASNT0088,WAS,2013,15,1,3,4,0.0,0,0,0,0,0,1
HOUNT0111,HOU,2013,15,1,2,3,0.0,0,0,0,0,0,0
NORNT0031,NOR,2013,15,3,0,3,0.0,0,0,0,0,0,0
CLENT0053,CLE,2013,16,0,1,1,0.0,0,0,0,0,0,0
HOUNT0110,HOU,2013,16,4,0,4,0.0,0,0,0,0,0,0
CLENT0056,CLE,2013,16,0,1,1,0.0,0,0,0,0,0,0
NORNT0030,NOR,2013,16,1,1,2,0.0,0,0,0,0,0,0
HOUNT0111,HOU,2013,16,1,0,1,0.0,0,0,0,0,0,0
BALNT0117,BAL,2013,16,1,2,3,0.0,0,0,0,0,0,0
WASNT0089,WAS,2013,16,0,1,1,0.0,0,0,0,0,0,0
WASNT0088,WAS,2013,16,0,1,1,0.0,0,0,0,0,0,0
PITNT0227,PIT,2013,16,0,1,1,0.0,0,0,0,0,0,0
NORNT0031,NOR,2013,16,1,0,1,0.0,0,0,0,0,0,0
WASNT0087,WAS,2013,17,N/A,N/A,N/A,0.0,0,0,0,0,0,0
INDNT0015,IND,2013,17,N/A,N/A,N/A,0.0,0,0,0,0,0,0
CLENT0056,CLE,2013,17,N/A,N/A,N/A,0.0,0,0,0,0,0,0
HOUNT0110,HOU,2013,17,N/A,N/A,N/A,0.0,0,0,0,0,0,0
HOUNT0111,HOU,2013,17,N/A,N/A,N/A,0.0,0,0,0,0,0,0
WASNT0088,WAS,2013,17,N/A,N/A,N/A,0.0,0,0,0,0,0,0
PITNT0227,PIT,2013,17,N/A,N/A,N/A,0.0,0,0,0,0,0,0
BALNT0117,BAL,2013,17,N/A,N/A,N/A,0.0,0,0,0,0,0,0
WASNT0089,WAS,2013,17,N/A,N/A,N/A,0.0,0,0,0,0,0,1
WASNT0087,WAS,2013,17,1,0,1,0.0,0,0,0,0,0,0
INDNT0015,IND,2013,17,1,3,4,0.0,0,0,0,0,0,0
CLENT0056,CLE,2013,17,1,2,3,0.0,0,0,0,0,0,0
HOUNT0110,HOU,2013,17,1,1,2,0.0,0,0,0,0,0,0
HOUNT0111,HOU,2013,17,2,1,3,0.0,0,0,0,0,0,0
WASNT0088,WAS,2013,17,6,1,7,0.0,0,0,0,0,0,0
PITNT0227,PIT,2013,17,1,2,3,0.0,0,0,0,0,0,0
BALNT0117,BAL,2013,17,0,2,2,0.0,0,0,0,0,0,0
WASNT0089,WAS,2013,17,3,2,5,0.0,0,0,0,0,0,1
